,name,time,clusters
0,alistairjmoore#1250010876150779906#Bar.jpeg,2020-04-14 10:39:51,125
1,williamwilcock#1249544067622436871#Map.jpeg,2020-04-13 03:44:55,124
2,jeanquan#1243726035926937601#Map.jpeg,2020-03-28 02:26:08,-1
3,yuresearch#1245009017753219072#Map.jpeg,2020-03-31 15:24:15,138
4,affinator_#1242301148637388803#Bar.jpeg,2020-03-24 04:04:09,-1
5,peterdorn16#1249228925810520064#Map.jpeg,2020-04-12 06:52:40,73
6,cmtworldtravel#1253955119797932033#Line.jpeg,2020-04-25 07:52:52,72
7,120degreesmnl#1246670517249003520#Line.jpeg,2020-04-05 05:26:27,52
8,aparna_bhutani#1249772840439746562#Bar.jpeg,2020-04-13 18:53:59,158
9,kmcents#1247593080158642176#Line.jpeg,2020-04-07 18:32:24,76
10,la_cv_data#1264968324842127361#Bar.jpeg,2020-05-25 17:15:25,-1
11,realityhammer#1251734342952501249#Line.jpeg,2020-04-19 04:48:18,100
12,dunkenkbliths#1247644965338886144#Map.jpeg,2020-04-07 21:58:34,147
13,fasergi#1244694302883799044#Line.jpeg,2020-03-30 18:33:41,-1
14,la_cv_data#1248296283112116227#Line.jpeg,2020-04-09 17:06:40,82
15,pkantue#1262435430491971584#Bar.jpeg,2020-05-18 17:30:36,108
16,davidjdvorak#1245440941785149445#Line.jpeg,2020-04-01 20:00:34,-1
17,ipacfoundation#1248996565341134848#Bar.jpeg,2020-04-11 15:29:21,117
18,theeedge#1251258109550407681#Line.jpeg,2020-04-17 21:15:55,-1
19,lilygc#1248994922138648577#Map.jpeg,2020-04-11 15:22:49,163
20,marhabaqatar#1251752388089622529#Map.jpeg,2020-04-19 06:00:00,155
21,_andysmith000#1263158317104484357#Bar.jpeg,2020-05-20 17:23:05,133
22,seanbuildsminds#1247555729164304384#Bar.jpeg,2020-04-07 16:03:58,133
23,shamikaravi#1262971466900963328#Map.jpeg,2020-05-20 05:00:37,-1
24,fleekskill#1245387870401114113#Line.jpeg,2020-04-01 16:29:41,0
25,adkinsdebtdiet#1249041471350726657#Bar.jpeg,2020-04-11 18:27:47,118
26,shaik44707956#1241054022343237632#Map.jpeg,2020-03-20 17:28:31,-1
27,fisagor#1242552427854913537#Line.jpeg,2020-03-24 20:42:38,59
28,mrmiyagann#1245027752513863682#Bar.jpeg,2020-03-31 16:38:42,-1
29,bamnet#1248342585531346946#Line.jpeg,2020-04-09 20:10:40,-1
30,realityhammer#1247991196951216128#Line.jpeg,2020-04-08 20:54:22,100
31,cmtworldtravel#1248867756340137985#Bar.jpeg,2020-04-11 06:57:30,-1
32,la_cv_data#1250469177665695748#Line.jpeg,2020-04-15 17:00:59,82
33,drtomfrieden#1241731325993811968#Line.jpeg,2020-03-22 14:19:53,112
34,la_cv_data#1249021958802624515#Line.jpeg,2020-04-11 17:10:15,82
35,chicagolandcmbr#1252975517441064960#Bar.jpeg,2020-04-22 15:00:17,126
36,tylerblack32#1250679331401003009#Map.jpeg,2020-04-16 06:56:03,-1
37,mkzhao#1249003814650294280#Bar.jpeg,2020-04-11 15:58:09,143
38,himalistan#1250403879734444032#Line.jpeg,2020-04-15 12:41:30,131
39,sydneyeditor#1249633279076007936#Bar.jpeg,2020-04-13 09:39:25,66
40,dlifff#1253428027582640129#Line.jpeg,2020-04-23 20:58:23,88
41,ruairimactiern1#1255418339670753280#Bar.jpeg,2020-04-29 08:47:11,-1
42,robdelcascr#1264649073849774080#Line.jpeg,2020-05-24 20:06:49,-1
43,cjmoose#1240663647958990848#Line.jpeg,2020-03-19 15:37:18,89
44,lungcancerhalfl#1240630555877806085#Bubble.jpeg,2020-03-19 13:25:48,159
45,lissenerco#1247220659203137542#Line.jpeg,2020-04-06 17:52:32,67
46,la_cv_data#1251929679268904960#Line.jpeg,2020-04-19 17:44:29,82
47,aggiegrl#1242654046445420545#Line.jpeg,2020-03-25 03:26:26,88
48,adsept19#1242256706123563013#Line.jpeg,2020-03-24 01:07:33,57
49,kristiwhitephd#1248046052135047169#Line.jpeg,2020-04-09 00:32:21,-1
50,cdgrit#1251837491914706945#Line.jpeg,2020-04-19 11:38:10,-1
51,mohitroshan#1264789356406947840#Bar.jpeg,2020-05-25 05:24:15,26
52,geryhsumd#1240629972101971969#Line.jpeg,2020-03-19 13:23:29,-1
53,pacotorresca#1263318194078380032#Map.jpeg,2020-05-21 03:58:23,95
54,lindastewartfl#1253798510820036608#Map.jpeg,2020-04-24 21:30:34,140
55,higginsdavidw#1252299409297203200#Line.jpeg,2020-04-20 18:13:40,-1
56,120degreesmnl#1248831241157095424#Line.jpeg,2020-04-11 04:32:24,51
57,pacotorresca#1256802850581045248#Map.jpeg,2020-05-03 04:28:44,38
58,maricopahealth#1250551337919619072#Line.jpeg,2020-04-15 22:27:27,152
59,cmarsh_hydro#1239612123094732802#Line.jpeg,2020-03-16 17:58:55,-1
60,tiffani_bova#1244380958910013453#Line.jpeg,2020-03-29 21:48:34,-1
61,prof_rtpa#1243211849786671106#Line.jpeg,2020-03-26 16:22:57,-1
62,deepgreendesign#1249279285182910464#Line.jpeg,2020-04-12 10:12:46,14
63,zgail#1247057666133782530#Bar.jpeg,2020-04-06 07:04:51,-1
64,arysaf#1244967933736030210#Bar.jpeg,2020-03-31 12:41:00,126
65,matt_hopcraft#1248882918719553541#Bar.jpeg,2020-04-11 07:57:45,120
66,la_cv_data#1265691872606945286#Line.jpeg,2020-05-27 17:10:32,82
67,hi5at5#1247223594511466496#Line.jpeg,2020-04-06 18:04:11,17
68,la_cv_data#1258442350445187073#Line.jpeg,2020-05-07 17:03:31,82
69,sirlanceluis#1255191147636330496#Line.jpeg,2020-04-28 17:44:24,106
70,alphatrades7#1248098936621019137#Map.jpeg,2020-04-09 04:02:29,-1
71,maxcroser#1238169767665717249#Line.jpeg,2020-03-12 18:27:31,-1
72,nikolefoote#1259113569876049921#Bar.jpeg,2020-05-09 13:30:42,-1
73,mrmiyagann#1263192056480051200#Line.jpeg,2020-05-20 19:37:09,-1
74,realityhammer#1251718534343909379#Line.jpeg,2020-04-19 03:45:29,100
75,climbrink#1246539180362141700#Map.jpeg,2020-04-04 20:44:34,-1
76,irishdataviz#1250877196895506434#Line.jpeg,2020-04-16 20:02:18,127
77,stochasticvari1#1246680325440163840#Line.jpeg,2020-04-05 06:05:26,-1
78,dunkenkbliths#1245816671547228161#Map.jpeg,2020-04-02 20:53:35,147
79,drdenagrayson#1247994439135637506#Line.jpeg,2020-04-08 21:07:15,7
80,fbaudron#1248938365984129024#Bubble.jpeg,2020-04-11 11:38:05,144
81,krisp_news#1243471255774298112#Line.jpeg,2020-03-27 09:33:44,3
82,cgypuckcharts#1242574004117852160#Line.jpeg,2020-03-24 22:08:23,64
83,la_cv_data#1261703755856306178#Line.jpeg,2020-05-16 17:03:11,82
84,mischnachtreisr#1241123069755822080#Line.jpeg,2020-03-20 22:02:53,9
85,realityhammer#1251732765264969728#Line.jpeg,2020-04-19 04:42:01,100
86,crisprguru#1245208106851860486#Line.jpeg,2020-04-01 04:35:22,69
87,120degreesmnl#1246670271316025344#Line.jpeg,2020-04-05 05:25:29,49
88,santhaj#1250157314608431105#Line.jpeg,2020-04-14 20:21:45,7
89,hillyeah7#1258403818561306624#Line.jpeg,2020-05-07 14:30:25,3
90,realityhammer#1247980478113685504#Line.jpeg,2020-04-08 20:11:46,100
91,pacotorresca#1261824880569282562#Line.jpeg,2020-05-17 01:04:29,38
92,bmoreprojects#1261331963169759233#Line.jpeg,2020-05-15 16:25:49,26
93,amygorin#1254771797997654017#Bar.jpeg,2020-04-27 13:58:03,162
94,jpsoucy#1249854745843503105#Line.jpeg,2020-04-14 00:19:27,-1
95,deosahil#1258429032678318080#Line.jpeg,2020-05-07 16:10:36,-1
96,koschnyjossie#1259372319904092160#Bar.jpeg,2020-05-10 06:38:53,-1
97,ipacfoundation#1255002100951666688#Map.jpeg,2020-04-28 05:13:12,113
98,lissenerco#1246843368463712256#Line.jpeg,2020-04-05 16:53:18,67
99,drhughbyrne#1249794574878416896#Map.jpeg,2020-04-13 20:20:21,-1
100,la_cv_data#1245397705289076743#Line.jpeg,2020-04-01 17:08:45,77
101,uofnorthdakota#1250545960939393024#Map.jpeg,2020-04-15 22:06:05,-1
102,lakewoodohio#1256327643265261568#Map.jpeg,2020-05-01 21:00:26,141
103,yogiooi#1253653486211862530#Line.jpeg,2020-04-24 11:54:17,5
104,f__kyouminge#1251718962900946944#Line.jpeg,2020-04-19 03:47:11,-1
105,mark_j_henry#1247419656467513346#Line.jpeg,2020-04-07 07:03:16,7
106,christianhoney_#1247791171746684929#Line.jpeg,2020-04-08 07:39:32,11
107,peterdorn16#1253580620871000064#Map.jpeg,2020-04-24 07:04:45,73
108,deelanmj#1252210058949099520#Line.jpeg,2020-04-20 12:18:37,32
109,la_cv_data#1243948344680087552#Line.jpeg,2020-03-28 17:09:31,77
110,take__a__chance#1247912386901745672#Map.jpeg,2020-04-08 15:41:12,-1
111,cgypuckcharts#1250197475857584128#Line.jpeg,2020-04-14 23:01:20,64
112,redball2#1264090957068165122#Line.jpeg,2020-05-23 07:09:04,-1
113,statistacharts#1243085726629203968#Line.jpeg,2020-03-26 08:01:47,15
114,mydawsoncollege#1245355940339240964#Line.jpeg,2020-04-01 14:22:48,-1
115,alistairjmoore#1250011913196646400#Map.jpeg,2020-04-14 10:43:58,125
116,davidp805#1253434154496061440#Line.jpeg,2020-04-23 21:22:44,-1
117,parkhun#1241187268317986816#Line.jpeg,2020-03-21 02:17:59,41
118,earnyourcookies#1240676247786549248#Line.jpeg,2020-03-19 16:27:22,89
119,adkinsdebtdiet#1249733599680589825#Bar.jpeg,2020-04-13 16:18:03,121
120,nehalianupriya#1253011209575706624#Line.jpeg,2020-04-22 17:22:06,-1
121,briankingery87#1250434921904009219#Bubble.jpeg,2020-04-15 14:44:51,157
122,paulvcataldo#1249023680589565953#Line.jpeg,2020-04-11 17:17:05,154
123,brianotheworld#1257659171421339648#Bar.jpeg,2020-05-05 13:11:27,-1
124,drsubhasree#1257714609332662279#Line.jpeg,2020-05-05 16:51:44,-1
125,statistacharts#1258661412609589248#Line.jpeg,2020-05-08 07:34:00,24
126,pacotorresca#1250243950981468160#Map.jpeg,2020-04-15 02:06:00,38
127,la_cv_data#1264612716645400581#Line.jpeg,2020-05-24 17:42:21,82
128,realityhammer#1247982576389763075#Line.jpeg,2020-04-08 20:20:07,100
129,datawrapper#1238144797099143170#Line.jpeg,2020-03-12 16:48:17,9
130,peterdorn16#1246259129951203329#Bubble.jpeg,2020-04-04 02:11:45,74
131,williamwilcock#1250965582574309384#Map.jpeg,2020-04-17 01:53:31,124
132,andreaashnews#1248027211925540864#Line.jpeg,2020-04-08 23:17:29,57
133,benwinslow#1260645971018432518#Bar.jpeg,2020-05-13 18:59:55,150
134,smturbeville#1252809908782686209#Bar.jpeg,2020-04-22 04:02:12,-1
135,cityofssf#1245043482059780098#Line.jpeg,2020-03-31 17:41:12,-1
136,afzalshakir#1254330047122423808#Line.jpeg,2020-04-26 08:42:42,106
137,thehowie#1242908419801133061#Map.jpeg,2020-03-25 20:17:14,152
138,drnaifaljohani#1242816253271707650#Line.jpeg,2020-03-25 14:10:59,-1
139,joefav#1244971633120546816#Map.jpeg,2020-03-31 12:55:42,-1
140,metrowatchph#1256138113077796864#Line.jpeg,2020-05-01 08:27:18,-1
141,pacotorresca#1257180683660713985#Map.jpeg,2020-05-04 05:30:06,38
142,christianhoney_#1248146459796615168#Line.jpeg,2020-04-09 07:11:20,11
143,m_saintmary#1247848553092919306#Line.jpeg,2020-04-08 11:27:33,-1
144,boomboxandsocks#1251470912681099264#Bar.jpeg,2020-04-18 11:21:31,-1
145,nickclash#1258329530134958080#Line.jpeg,2020-05-07 09:35:13,109
146,120degreesmnl#1248538360383037440#Bar.jpeg,2020-04-10 09:08:36,46
147,peterdorn16#1246641248175132673#Bubble.jpeg,2020-04-05 03:30:09,74
148,a_jenaini#1265372844093046784#Line.jpeg,2020-05-26 20:02:50,88
149,stevaldo18#1258087782347661313#Map.jpeg,2020-05-06 17:34:36,151
150,carsable#1245092894144434177#Line.jpeg,2020-03-31 20:57:33,106
151,dunkenkbliths#1245239022915424261#Map.jpeg,2020-04-01 06:38:13,147
152,pacotorresca#1252086082948100097#Map.jpeg,2020-04-20 04:05:59,38
153,mommacheese#1256077379279020032#Line.jpeg,2020-05-01 04:25:58,128
154,dlrcc#1247464004559286272#Bar.jpeg,2020-04-07 09:59:30,-1
155,jdkempt#1264576735481417728#Line.jpeg,2020-05-24 15:19:23,27
156,isaifpatel#1243161722422206464#Line.jpeg,2020-03-26 13:03:46,22
157,topherwiles#1242203291133652994#Map.jpeg,2020-03-23 21:35:18,160
158,covid19mapping1#1266353034432569345#Map.jpeg,2020-05-29 12:57:45,-1
159,matt_hopcraft#1241823954395729920#Line.jpeg,2020-03-22 20:27:57,85
160,laktarr001#1243777237503152129#Line.jpeg,2020-03-28 05:49:36,-1
161,aparna_bhutani#1249455750226771973#Bar.jpeg,2020-04-12 21:53:59,158
162,7mto#1243932962246266881#Line.jpeg,2020-03-28 16:08:24,-1
163,captainmeowdy#1248995245716619265#Bar.jpeg,2020-04-11 15:24:06,-1
164,deadleafshrimp#1240664455266144261#Line.jpeg,2020-03-19 15:40:31,89
165,kbremes#1243210462394814465#Line.jpeg,2020-03-26 16:17:26,128
166,la_cv_data#1245035799130918913#Line.jpeg,2020-03-31 17:10:40,77
167,statistacharts#1257331068107194374#Line.jpeg,2020-05-04 15:27:41,24
168,alistairjmoore#1250009294529011712#Bar.jpeg,2020-04-14 10:33:34,-1
169,dunkenkbliths#1249111271691022338#Map.jpeg,2020-04-11 23:05:09,147
170,andreaashnews#1249822676941561856#Line.jpeg,2020-04-13 22:12:01,57
171,peterdorn16#1252488233037869056#Map.jpeg,2020-04-21 06:43:59,73
172,drdenagrayson#1241320967739191297#Bubble.jpeg,2020-03-21 11:09:15,109
173,johnnosta#1243164239981957122#Line.jpeg,2020-03-26 13:13:46,9
174,masyou#1247168954268712960#Bar.jpeg,2020-04-06 14:27:04,-1
175,drjohnhayward#1243240354515767301#Line.jpeg,2020-03-26 18:16:13,103
176,himalistan#1244602835125362688#Line.jpeg,2020-03-30 12:30:14,131
177,bmunch14#1242582882113085440#Line.jpeg,2020-03-24 22:43:39,9
178,davecraige#1240678438920261633#Line.jpeg,2020-03-19 16:36:05,89
179,c19data#1253082638987988993#Map.jpeg,2020-04-22 22:05:56,-1
180,pgetuienis#1255114615496888320#Line.jpeg,2020-04-28 12:40:17,-1
181,deepgreendesign#1244964626862764032#Line.jpeg,2020-03-31 12:27:52,14
182,b2bspecialist#1243196117715738628#Line.jpeg,2020-03-26 15:20:26,23
183,pacotorresca#1251711141614518273#Map.jpeg,2020-04-19 03:16:06,92
184,sleimanskaf#1243500814251024385#Map.jpeg,2020-03-27 11:31:11,70
185,umrbekistan#1243904897684299776#Line.jpeg,2020-03-28 14:16:52,-1
186,kayacolor#1242309775146139649#Line.jpeg,2020-03-24 04:38:26,-1
187,allengreenwood#1249835185593516033#Bar.jpeg,2020-04-13 23:01:43,47
188,laurenbyersmd#1242222060383993861#Line.jpeg,2020-03-23 22:49:53,-1
189,la_cv_data#1265339409752342528#Line.jpeg,2020-05-26 17:49:58,82
190,kb_leecaster#1240681512476917760#Line.jpeg,2020-03-19 16:48:17,-1
191,jfjustthefacts#1247912255179689989#Line.jpeg,2020-04-08 15:40:41,-1
192,jkwan_md#1247901755699945472#Bar.jpeg,2020-04-08 14:58:58,-1
193,adkinsdebtdiet#1249037179424292864#Bar.jpeg,2020-04-11 18:10:44,121
194,kri5ty_victoria#1248234824420036608#Line.jpeg,2020-04-09 13:02:27,28
195,clouddoktor#1243418777179402242#Line.jpeg,2020-03-27 06:05:12,107
196,peterdorn16#1247788550843588609#Line.jpeg,2020-04-08 07:29:07,17
197,stabilitasv#1248059604606451713#Map.jpeg,2020-04-09 01:26:12,105
198,craigthusiast#1248975802617802759#Line.jpeg,2020-04-11 14:06:50,54
199,stevaldo18#1258087788907544577#Bar.jpeg,2020-05-06 17:34:37,151
200,lukassustala#1240648997917917188#Line.jpeg,2020-03-19 14:39:05,2
201,medicalscitech#1249431186490953728#Line.jpeg,2020-04-12 20:16:22,7
202,wombling_gu#1242556731634352128#Line.jpeg,2020-03-24 20:59:45,-1
203,fortrussnews#1262910176069378049#Bar.jpeg,2020-05-20 00:57:04,137
204,pkantue#1262707107314483205#Bar.jpeg,2020-05-19 11:30:09,108
205,voxeu#1252128901268213761#Bar.jpeg,2020-04-20 06:56:08,-1
206,lungcancerhalfl#1240686015079002113#Map.jpeg,2020-03-19 17:06:11,164
207,angiegrossmann#1242646016228089856#Bar.jpeg,2020-03-25 02:54:32,-1
208,gamechanger_19#1246740535676723201#Line.jpeg,2020-04-05 10:04:41,7
209,williamwilcock#1252472681938644992#Line.jpeg,2020-04-21 05:42:11,30
210,cmtworldtravel#1251459419105382401#Line.jpeg,2020-04-18 10:35:51,72
211,christianhoney_#1243433088073555968#Line.jpeg,2020-03-27 07:02:04,11
212,pacotorresca#1251342168930709506#Map.jpeg,2020-04-18 02:49:56,38
213,120degreesmnl#1253244171902582784#Line.jpeg,2020-04-23 08:47:49,51
214,realityhammer#1247999388569370624#Bar.jpeg,2020-04-08 21:26:55,100
215,lpha_bloke#1245459710351937539#Bubble.jpeg,2020-04-01 21:15:09,-1
216,fortrussnews#1262564915195318275#Bar.jpeg,2020-05-19 02:05:07,137
217,mkzhao#1243373937666461697#Line.jpeg,2020-03-27 03:07:02,-1
218,katrinafoley#1251725997646376961#Map.jpeg,2020-04-19 04:15:08,-1
219,la_cv_data#1263885828369104896#Line.jpeg,2020-05-22 17:33:58,82
220,lissenerco#1246466540456660992#Line.jpeg,2020-04-04 15:55:56,67
221,allengreenwood#1252342060624969728#Bar.jpeg,2020-04-20 21:03:09,-1
222,fisagor#1249738568404213762#Line.jpeg,2020-04-13 16:37:48,59
223,iamhmu#1253622157340487680#Line.jpeg,2020-04-24 09:49:48,36
224,120degreesmnl#1253232080491708416#Line.jpeg,2020-04-23 07:59:46,49
225,realityhammer#1251725018205229056#Line.jpeg,2020-04-19 04:11:14,100
226,scottsharplin#1248931742028828672#Line.jpeg,2020-04-11 11:11:45,3
227,g_myaccesshub#1248326879033143298#Line.jpeg,2020-04-09 19:08:15,-1
228,richardjosephh3#1247995192050778112#Line.jpeg,2020-04-08 21:10:15,62
229,cgypuckcharts#1241160769028231170#Line.jpeg,2020-03-21 00:32:41,64
230,asbonerw#1242592256877637634#Map.jpeg,2020-03-24 23:20:54,-1
231,dunkenkbliths#1248389377966800896#Map.jpeg,2020-04-09 23:16:36,147
232,ranjeet53074140#1254619728963760133#Line.jpeg,2020-04-27 03:53:47,-1
233,mariakrantz3#1247604524711383042#Line.jpeg,2020-04-07 19:17:52,-1
234,hum_bolega#1246732372478836736#Bar.jpeg,2020-04-05 09:32:15,-1
235,huslof#1247142237047324674#Line.jpeg,2020-04-06 12:40:54,129
236,umilatz#1245332786376040449#Line.jpeg,2020-04-01 12:50:48,-1
237,proudcanthe12th#1255918921720438785#Bar.jpeg,2020-04-30 17:56:19,-1
238,aronthal#1261683700229722112#Line.jpeg,2020-05-16 15:43:29,-1
239,mr_oosthuizen#1258653881606778882#Map.jpeg,2020-05-08 07:04:04,-1
240,madeehamerchant#1246450326049341441#Line.jpeg,2020-04-04 14:51:30,21
241,edpalermorpi#1247362920813662208#Line.jpeg,2020-04-07 03:17:49,-1
242,higginsdavidw#1250892450945785856#Line.jpeg,2020-04-16 21:02:55,24
243,fisagor#1245042138573922311#Line.jpeg,2020-03-31 17:35:52,59
244,wef#1243070237676797952#Map.jpeg,2020-03-26 07:00:14,70
245,raincouverm#1243915496551886849#Line.jpeg,2020-03-28 14:58:59,-1
246,realityhammer#1251704154252337160#Map.jpeg,2020-04-19 02:48:20,100
247,claire_harris82#1252532806095261696#Bar.jpeg,2020-04-21 09:41:06,55
248,richardjosephh3#1248376013911756806#Line.jpeg,2020-04-09 22:23:30,62
249,kindofmagic4u#1243541217666830339#Line.jpeg,2020-03-27 14:11:44,-1
250,plana_journ#1247933397755998208#Line.jpeg,2020-04-08 17:04:42,127
251,krisp_news#1245275603739295745#Line.jpeg,2020-04-01 09:03:34,-1
252,statistacharts#1247205080182423552#Bar.jpeg,2020-04-06 16:50:37,-1
253,liezelhcbs#1248523413808918529#Line.jpeg,2020-04-10 08:09:12,1
254,atchley_sr#1250251326581362688#Line.jpeg,2020-04-15 02:35:19,2
255,mischnachtreisr#1242199004177448960#Map.jpeg,2020-03-23 21:18:16,-1
256,deepgreendesign#1243186732209557505#Line.jpeg,2020-03-26 14:43:08,14
257,lissenerco#1248336604986368000#Line.jpeg,2020-04-09 19:46:54,67
258,williamwilcock#1253914887064924160#Bubble.jpeg,2020-04-25 05:13:00,124
259,dunkenkbliths#1248752789779439619#Map.jpeg,2020-04-10 23:20:40,147
260,ipacfoundation#1263702701407379458#Map.jpeg,2020-05-22 05:26:17,113
261,120degreesmnl#1251039625298108418#Line.jpeg,2020-04-17 06:47:44,51
262,steveashleyplus#1243481784890855426#Line.jpeg,2020-03-27 10:15:34,9
263,therealwalz#1247227879521468418#Line.jpeg,2020-04-06 18:21:13,7
264,art_poon#1247573863451570178#Line.jpeg,2020-04-07 17:16:02,16
265,realityhammer#1251688497179697158#Line.jpeg,2020-04-19 01:46:07,100
266,topherwiles#1242554000244867077#Map.jpeg,2020-03-24 20:48:53,160
267,kniprathwx#1240666845948129283#Line.jpeg,2020-03-19 15:50:01,89
268,nikolefoote#1246419471671189504#Map.jpeg,2020-04-04 12:48:54,-1
269,nswijesooriya#1245447957002031105#Bar.jpeg,2020-04-01 20:28:26,32
270,johnsenfr#1240624695952773120#Bar.jpeg,2020-03-19 13:02:31,-1
271,michallangmajer#1250147922844491776#Line.jpeg,2020-04-14 19:44:26,64
272,jeremy_palmbos#1248364544747089921#Bar.jpeg,2020-04-09 21:37:55,-1
273,drmuneerabano#1247745144775790592#Bar.jpeg,2020-04-08 04:36:39,125
274,andreaashnews#1247287918126866434#Line.jpeg,2020-04-06 22:19:47,136
275,publichealthrx#1243179081966866432#Line.jpeg,2020-03-26 14:12:44,23
276,lyonkassab#1255566158406639616#Map.jpeg,2020-04-29 18:34:34,22
277,williamwilcock#1247375543248379905#Line.jpeg,2020-04-07 04:07:59,31
278,sharedgeo#1256676815315369984#Bubble.jpeg,2020-05-02 20:07:55,-1
279,imdarrendunn2#1245458277548412929#Line.jpeg,2020-04-01 21:09:27,-1
280,120degreesmnl#1248621064638222339#Line.jpeg,2020-04-10 14:37:14,52
281,peterdorn16#1248169259340972038#Line.jpeg,2020-04-09 08:41:55,17
282,drtomfrieden#1245417588030681088#Line.jpeg,2020-04-01 18:27:46,-1
283,pkantue#1262828534495674371#Bar.jpeg,2020-05-19 19:32:39,-1
284,cekanakismd#1248585310688116738#Line.jpeg,2020-04-10 12:15:10,-1
285,parkhun#1243532739321532417#Line.jpeg,2020-03-27 13:38:03,41
286,dasbyte#1254158051327836161#Line.jpeg,2020-04-25 21:19:15,2
287,christosofdc#1252267080436629504#Line.jpeg,2020-04-20 16:05:12,-1
288,profootballdoc#1247691782629888000#Bar.jpeg,2020-04-08 01:04:36,-1
289,la_cv_data#1262803331241644040#Line.jpeg,2020-05-19 17:52:30,82
290,meandmyobg#1245026856283394048#Line.jpeg,2020-03-31 16:35:08,-1
291,iqmcorporation#1243256442561400832#Line.jpeg,2020-03-26 19:20:09,14
292,pgetuienis#1252488928545984512#Line.jpeg,2020-04-21 06:46:45,-1
293,stevaldo18#1255186905609768961#Map.jpeg,2020-04-28 17:27:33,151
294,weseemahmed#1241173456999395330#Line.jpeg,2020-03-21 01:23:06,-1
295,ibtnetwork#1266061866348003331#Bar.jpeg,2020-05-28 17:40:45,152
296,mattlanza#1240663158739607556#Line.jpeg,2020-03-19 15:35:22,89
297,la_cv_data#1259556499774373889#Line.jpeg,2020-05-10 18:50:45,82
298,devan_with_a_ph#1245435925024440320#Line.jpeg,2020-04-01 19:40:38,-1
299,dermestermann#1252830153744347136#Line.jpeg,2020-04-22 05:22:39,127
300,dunkenkbliths#1246537700947050496#Map.jpeg,2020-04-04 20:38:42,147
301,fleekskill#1253020170009837577#Bar.jpeg,2020-04-22 17:57:43,-1
302,michaelpagewx#1253109031159431168#Line.jpeg,2020-04-22 23:50:49,-1
303,cryptogeordie#1261458787606491136#Line.jpeg,2020-05-16 00:49:46,28
304,climbrink#1243271103562293248#Bubble.jpeg,2020-03-26 20:18:24,-1
305,abdimahamud18#1247452542302208001#Bar.jpeg,2020-04-07 09:13:57,142
306,pacotorresca#1254642271342850048#Map.jpeg,2020-04-27 05:23:22,93
307,pugabenjy#1240666060237475840#Line.jpeg,2020-03-19 15:46:53,89
308,stevekloiber#1246805206714761217#Line.jpeg,2020-04-05 14:21:40,-1
309,huaai1#1241807221555490816#Line.jpeg,2020-03-22 19:21:27,71
310,adkinsdebtdiet#1249440844786159617#Bar.jpeg,2020-04-12 20:54:45,121
311,jkwan_md#1241040147715706880#Line.jpeg,2020-03-20 16:33:23,63
312,mpesce#1246349295097237504#Line.jpeg,2020-04-04 08:10:02,-1
313,dtpmonline#1242884628010188801#Line.jpeg,2020-03-25 18:42:41,-1
314,jininnashville#1247618229918478336#Bar.jpeg,2020-04-07 20:12:20,-1
315,ralphierce#1253965326301016064#Line.jpeg,2020-04-25 08:33:25,36
316,dunkenkbliths#1245208215471570944#Map.jpeg,2020-04-01 04:35:48,147
317,bdwissel#1245081935011078149#Line.jpeg,2020-03-31 20:14:00,-1
318,talesftf#1242222516845895693#Line.jpeg,2020-03-23 22:51:42,10
319,padstamundo#1243268724649422849#Line.jpeg,2020-03-26 20:08:57,-1
320,bartimusmaximus#1247595713606844416#Line.jpeg,2020-04-07 18:42:51,-1
321,nikolefoote#1251126602110578688#Map.jpeg,2020-04-17 12:33:21,33
322,ejchirivi#1243502437404741634#Map.jpeg,2020-03-27 11:37:38,70
323,dfcwealth#1248784629592514560#Map.jpeg,2020-04-11 01:27:11,-1
324,anthemarnelle#1251011048489889793#Line.jpeg,2020-04-17 04:54:11,22
325,la_cv_data#1253006255981035520#Line.jpeg,2020-04-22 17:02:25,82
326,drestfan#1250869353572155392#Line.jpeg,2020-04-16 19:31:08,-1
327,blueznjazz#1240672260198936580#Line.jpeg,2020-03-19 16:11:32,89
328,m_wayne_brown#1251457672026533890#Bubble.jpeg,2020-04-18 10:28:54,-1
329,renditefuchs#1244920806985142272#Bar.jpeg,2020-03-31 09:33:44,-1
330,l0gg0l#1244005495637258240#Line.jpeg,2020-03-28 20:56:37,-1
331,simbad191#1251832157514772480#Bar.jpeg,2020-04-19 11:16:58,-1
332,markyaphe#1241036059846246400#Line.jpeg,2020-03-20 16:17:08,43
333,realityhammer#1251713555927367681#Line.jpeg,2020-04-19 03:25:42,100
334,peterdorn16#1248877886276157441#Line.jpeg,2020-04-11 07:37:45,17
335,mrhealthteacher#1241763791647305729#Line.jpeg,2020-03-22 16:28:53,15
336,richardjosephh3#1247953355298574336#Line.jpeg,2020-04-08 18:24:00,62
337,peterdorn16#1249228605906804736#Line.jpeg,2020-04-12 06:51:23,17
338,eggersnsf#1241001533866729474#Bubble.jpeg,2020-03-20 13:59:57,-1
339,peterdorn16#1256070367078039552#Map.jpeg,2020-05-01 03:58:06,73
340,120degreesmnl#1250211035887198208#Line.jpeg,2020-04-14 23:55:13,51
341,ipacfoundation#1263325135899107328#Map.jpeg,2020-05-21 04:25:58,113
342,natosch#1247802043462348807#Line.jpeg,2020-04-08 08:22:44,22
343,cgypuckcharts#1246248338388701184#Line.jpeg,2020-04-04 01:28:52,-1
344,rjscheurer#1254539775853293568#Line.jpeg,2020-04-26 22:36:05,-1
345,mohitroshan#1265149206823464961#Bar.jpeg,2020-05-26 05:14:10,26
346,moritz_wichmann#1245256601340084226#Bar.jpeg,2020-04-01 07:48:04,-1
347,bangford#1252183592215683072#Bar.jpeg,2020-04-20 10:33:27,-1
348,hamcohealthin#1251227737278332929#Bubble.jpeg,2020-04-17 19:15:13,-1
349,sulaiodus#1245613921022529537#Line.jpeg,2020-04-02 07:27:55,-1
350,susancoward6#1240646443620335616#Bar.jpeg,2020-03-19 14:28:56,-1
351,pacotorresca#1249210447225671680#Map.jpeg,2020-04-12 05:39:14,92
352,paulrosenberg#1255961037347618826#Line.jpeg,2020-04-30 20:43:40,-1
353,devintrader#1246211871809527809#Line.jpeg,2020-04-03 23:03:58,23
354,masamunecyrus#1248079716994572288#Line.jpeg,2020-04-09 02:46:07,122
355,langahwhotweets#1244951707622051840#Bar.jpeg,2020-03-31 11:36:31,-1
356,adkinsdebtdiet#1247926468048453632#Bar.jpeg,2020-04-08 16:37:09,118
357,art_poon#1246819204835221504#Line.jpeg,2020-04-05 15:17:17,16
358,la_cv_data#1266055089707454465#Line.jpeg,2020-05-28 17:13:50,82
359,pkantue#1261742383517089793#Line.jpeg,2020-05-16 19:36:40,-1
360,statistacharts#1242822967987523585#Bar.jpeg,2020-03-25 14:37:40,55
361,aimee_dude#1241472141343838208#Bar.jpeg,2020-03-21 21:09:58,-1
362,himalistan#1243545891044294656#Line.jpeg,2020-03-27 14:30:19,131
363,jschuurmd#1252061669007806464#Line.jpeg,2020-04-20 02:28:58,-1
364,magnumopus_shs#1253331032197066758#Line.jpeg,2020-04-23 14:32:58,-1
365,carrie_byington#1251002495830093824#Line.jpeg,2020-04-17 04:20:12,-1
366,b2bspecialist#1243922636972965889#Line.jpeg,2020-03-28 15:27:22,-1
367,craigthusiast#1247162731507171328#Line.jpeg,2020-04-06 14:02:21,54
368,andreaashnews#1248992974069006345#Bar.jpeg,2020-04-11 15:15:04,136
369,_danfitz#1246873603821502464#Line.jpeg,2020-04-05 18:53:27,-1
370,comadork#1243883480980783105#Bar.jpeg,2020-03-28 12:51:46,0
371,annezinkmd#1250288669388238849#Bar.jpeg,2020-04-15 05:03:42,-1
372,judgeclayj#1244079611287347201#Map.jpeg,2020-03-29 01:51:07,139
373,scotthayesphd#1242312409425088514#Bar.jpeg,2020-03-24 04:48:54,-1
374,dkmohanty#1243839027595210752#Line.jpeg,2020-03-28 09:55:08,15
375,cgypuckcharts#1241160159235170304#Line.jpeg,2020-03-21 00:30:16,64
376,jininnashville#1247620588694364161#Bar.jpeg,2020-04-07 20:21:42,56
377,hudson_chatbots#1249249028354846721#Line.jpeg,2020-04-12 08:12:32,15
378,cmtworldtravel#1246524540198490113#Line.jpeg,2020-04-04 19:46:24,72
379,thieristan#1243224314620645380#Bar.jpeg,2020-03-26 17:12:29,-1
380,anniesage#1250357380220514305#Map.jpeg,2020-04-15 09:36:44,-1
381,carlaiau#1248421097948581895#Bar.jpeg,2020-04-10 01:22:38,132
382,chicagosmayor#1250490520725450753#Map.jpeg,2020-04-15 18:25:47,-1
383,wetcoastlife#1246453856059326465#Line.jpeg,2020-04-04 15:05:31,21
384,peterdorn16#1251687207187800066#Line.jpeg,2020-04-19 01:41:00,17
385,engipm#1248254093413548032#Bar.jpeg,2020-04-09 14:19:01,-1
386,irishdataviz#1250139159077031938#Line.jpeg,2020-04-14 19:09:36,127
387,behrooz_hm#1241495803627102208#Bubble.jpeg,2020-03-21 22:44:00,-1
388,challdreams#1242596197057081351#Line.jpeg,2020-03-24 23:36:34,-1
389,williamwilcock#1257097647287963650#Line.jpeg,2020-05-04 00:00:09,30
390,faiezvengeri#1249009976024150018#Bar.jpeg,2020-04-11 16:22:38,110
391,realityhammer#1251712830115663873#Line.jpeg,2020-04-19 03:22:49,100
392,realityhammer#1251728082706345984#Line.jpeg,2020-04-19 04:23:25,100
393,_iboys#1263266867147419649#Line.jpeg,2020-05-21 00:34:26,-1
394,rid1tweets#1252979614663823362#Line.jpeg,2020-04-22 15:16:34,-1
395,120degreesmnl#1245349590854848512#Line.jpeg,2020-04-01 13:57:34,51
396,higginsdavidw#1241101419391995906#Bar.jpeg,2020-03-20 20:36:51,-1
397,sandrahanchard#1245277386045718529#Bar.jpeg,2020-04-01 09:10:39,-1
398,danielh54666458#1245408588530700293#Bar.jpeg,2020-04-01 17:52:00,-1
399,dpham20#1247561777501671425#Map.jpeg,2020-04-07 16:28:00,-1
400,benwinslow#1259533385891893253#Bar.jpeg,2020-05-10 17:18:54,150
401,brianlindshield#1248599292253818882#Line.jpeg,2020-04-10 13:10:43,21
402,melroseaction#1245213902423511042#Bubble.jpeg,2020-04-01 04:58:23,139
403,huslof#1245272409978044416#Line.jpeg,2020-04-01 08:50:53,34
404,realityhammer#1251735242576199680#Line.jpeg,2020-04-19 04:51:52,100
405,drsxr#1252625404638171137#Map.jpeg,2020-04-21 15:49:03,153
406,mrcellaneous#1248870488019013632#Line.jpeg,2020-04-11 07:08:21,1
407,downloadsourcen#1241172286524153858#Line.jpeg,2020-03-21 01:18:27,127
408,ipacfoundation#1259747917457428481#Map.jpeg,2020-05-11 07:31:23,113
409,120degreesmnl#1252158231339646977#Line.jpeg,2020-04-20 08:52:40,51
410,behrooz_hm#1241670005181124615#Line.jpeg,2020-03-22 10:16:13,61
411,la_cv_data#1257007411363184641#Line.jpeg,2020-05-03 18:01:35,82
412,goddess1345#1261897408327417856#Line.jpeg,2020-05-17 05:52:41,28
413,mohitroshan#1265527351699550209#Bar.jpeg,2020-05-27 06:16:47,26
414,ifm_economist#1243374663369031681#Map.jpeg,2020-03-27 03:09:55,-1
415,andreaashnews#1247892099749384193#Line.jpeg,2020-04-08 14:20:35,57
416,kindofmagic4u#1243543269046398986#Line.jpeg,2020-03-27 14:19:53,-1
417,dunkenkbliths#1246924820404531200#Map.jpeg,2020-04-05 22:16:58,147
418,costellop#1241128272907427847#Bar.jpeg,2020-03-20 22:23:33,-1
419,stevaldo18#1258087785292075009#Map.jpeg,2020-05-06 17:34:36,151
420,fortrussnews#1263160328084434944#Bar.jpeg,2020-05-20 17:31:05,137
421,mkzhao#1248969934467710976#Bubble.jpeg,2020-04-11 13:43:31,-1
422,phoenics_gmbh#1247103430361059329#Map.jpeg,2020-04-06 10:06:42,-1
423,engineerpoet#1250033263994953729#Line.jpeg,2020-04-14 12:08:49,-1
424,drrohitvarma#1252693682202963968#Bubble.jpeg,2020-04-21 20:20:22,-1
425,raksparky#1250236293931466752#Bar.jpeg,2020-04-15 01:35:35,-1
426,__mharrison__#1242218575856676865#Line.jpeg,2020-03-23 22:36:02,-1
427,benwinslow#1266803132043890688#Line.jpeg,2020-05-30 18:46:17,-1
428,peterdorn16#1246258963332489216#Line.jpeg,2020-04-04 02:11:05,17
429,la_cv_data#1258142057186672642#Line.jpeg,2020-05-06 21:10:16,82
430,arvindgunasekar#1247030654857932800#Bar.jpeg,2020-04-06 05:17:31,-1
431,realityhammer#1247981548135157762#Bar.jpeg,2020-04-08 20:16:02,100
432,mkzhao#1249390220165947396#Bar.jpeg,2020-04-12 17:33:35,-1
433,peterdorn16#1251320604709359616#Map.jpeg,2020-04-18 01:24:15,73
434,steve_rostron#1243181630497284096#Bar.jpeg,2020-03-26 14:22:52,162
435,atrembla#1241773069502304256#Line.jpeg,2020-03-22 17:05:45,10
436,channing_tv#1248022915767046146#Bar.jpeg,2020-04-08 23:00:24,-1
437,lissenerco#1251194463059349507#Line.jpeg,2020-04-17 17:03:00,67
438,takiskarantonis#1257359971370651648#Line.jpeg,2020-05-04 17:22:32,3
439,jochemzw#1246817292056395781#Map.jpeg,2020-04-05 15:09:41,-1
440,la_cv_data#1257372509823008768#Line.jpeg,2020-05-04 18:12:21,82
441,art_poon#1247897968990015495#Line.jpeg,2020-04-08 14:43:55,16
442,vipuljain1#1248125899645444096#Line.jpeg,2020-04-09 05:49:38,7
443,realityhammer#1251318247649153024#Line.jpeg,2020-04-18 01:14:53,100
444,pkantue#1263495646079864833#Bar.jpeg,2020-05-21 15:43:31,45
445,williamwilcock#1259280907078254592#Map.jpeg,2020-05-10 00:35:39,30
446,_asifbhat_#1261415702952505344#Bar.jpeg,2020-05-15 21:58:34,133
447,thoushallnotbe#1260078771031248898#Line.jpeg,2020-05-12 05:26:04,29
448,deepgreendesign#1246425274989703168#Line.jpeg,2020-04-04 13:11:57,14
449,aoglasser#1250801649070641152#Line.jpeg,2020-04-16 15:02:06,-1
450,drm_ashraf#1254692282143514624#Line.jpeg,2020-04-27 08:42:05,-1
451,drcoursaris#1243997055607083008#Map.jpeg,2020-03-28 20:23:05,129
452,jininnashville#1241804919591616513#Bar.jpeg,2020-03-22 19:12:19,56
453,cgypuckcharts#1241159959343067136#Bar.jpeg,2020-03-21 00:29:28,-1
454,ipacfoundation#1249573372729733120#Bar.jpeg,2020-04-13 05:41:22,117
455,davidjhoffdc#1240668613721423874#Line.jpeg,2020-03-19 15:57:02,156
456,peter_v#1243919915771482113#Line.jpeg,2020-03-28 15:16:33,-1
457,clayhsmath#1252342197518663690#Line.jpeg,2020-04-20 21:03:41,-1
458,pacotorresca#1257169767737126913#Map.jpeg,2020-05-04 04:46:44,95
459,ashishmukundan#1250413682841944065#Line.jpeg,2020-04-15 13:20:28,130
460,christosofdc#1252570446031138816#Line.jpeg,2020-04-21 12:10:40,-1
461,szeidenleder#1250419461120614412#Line.jpeg,2020-04-15 13:43:25,127
462,econ_cl#1243433415581540353#Line.jpeg,2020-03-27 07:03:22,15
463,drgigiosler#1243947327108284417#Map.jpeg,2020-03-28 17:05:28,-1
464,ipacfoundation#1253182728431980544#Bar.jpeg,2020-04-23 04:43:40,113
465,david_houghton#1245012896687538177#Line.jpeg,2020-03-31 15:39:40,27
466,realityhammer#1251729166971613195#Bar.jpeg,2020-04-19 04:27:44,100
467,trans_icon_mika#1259906205729853440#Bubble.jpeg,2020-05-11 18:00:22,-1
468,dustindhansen#1247967092285927425#Line.jpeg,2020-04-08 19:18:35,1
469,viruswhisperer#1243380534048325632#Line.jpeg,2020-03-27 03:33:14,-1
470,austingstack#1247986126402527232#Line.jpeg,2020-04-08 20:34:13,7
471,melisapj#1244000823614541824#Bar.jpeg,2020-03-28 20:38:03,-1
472,pkantue#1262003168768069633#Bar.jpeg,2020-05-17 12:52:56,45
473,paulvcataldo#1253779330381086720#Line.jpeg,2020-04-24 20:14:21,154
474,rahmstorf#1253266740915683328#Line.jpeg,2020-04-23 10:17:30,7
475,mimimi8a#1240638571792515072#Line.jpeg,2020-03-19 13:57:40,2
476,drr_dunne#1243961247583932416#Line.jpeg,2020-03-28 18:00:47,85
477,lilygc#1247698580758028292#Map.jpeg,2020-04-08 01:31:37,163
478,mkenick#1253408108816281609#Map.jpeg,2020-04-23 19:39:14,-1
479,fisagor#1247209512739766277#Line.jpeg,2020-04-06 17:08:14,59
480,peterdorn16#1246641789068382208#Line.jpeg,2020-04-05 03:32:18,17
481,pacotorresca#1264074424929538053#Map.jpeg,2020-05-23 06:03:22,95
482,lindagrass0#1243613881924300800#Line.jpeg,2020-03-27 19:00:29,15
483,dunkenkbliths#1245454487642238976#Map.jpeg,2020-04-01 20:54:23,147
484,ralphierce#1253601265516285953#Line.jpeg,2020-04-24 08:26:47,36
485,clgraphix#1245309269509115904#Map.jpeg,2020-04-01 11:17:21,86
486,peterdorn16#1249914291056046086#Map.jpeg,2020-04-14 04:16:03,73
487,pacotorresca#1250951854546026497#Map.jpeg,2020-04-17 00:58:58,38
488,adkinsdebtdiet#1246633427916541954#Bar.jpeg,2020-04-05 02:59:05,118
489,perthwaustralia#1249113969131831297#Map.jpeg,2020-04-11 23:15:52,147
490,bdwissel#1245447209124016129#Line.jpeg,2020-04-01 20:25:28,-1
491,matt_hopcraft#1247801102411526148#Bar.jpeg,2020-04-08 08:19:00,-1
492,thomasarchitect#1254776810098659334#Bar.jpeg,2020-04-27 14:17:58,123
493,pennemayer#1240665821065723904#Line.jpeg,2020-03-19 15:45:56,89
494,andreaashnews#1250913436139171841#Line.jpeg,2020-04-16 22:26:18,57
495,120degreesmnl#1252148557282332673#Line.jpeg,2020-04-20 08:14:14,49
496,deepgreendesign#1247506856529948675#Line.jpeg,2020-04-07 12:49:46,14
497,parkhun#1244980727629746176#Line.jpeg,2020-03-31 13:31:50,41
498,michael_lipin#1260075021541814273#Bar.jpeg,2020-05-12 05:11:10,-1
499,qedgroup#1265357212412792833#Bar.jpeg,2020-05-26 19:00:43,-1
500,statistacharts#1245727689614344193#Line.jpeg,2020-04-02 15:00:00,23
501,la_cv_data#1251559039022104576#Line.jpeg,2020-04-18 17:11:42,82
502,rhodejim#1257066890872025089#Line.jpeg,2020-05-03 21:57:56,-1
503,andreaashnews#1250584330600095752#Line.jpeg,2020-04-16 00:38:33,57
504,mint_social#1245436336745611266#Bubble.jpeg,2020-04-01 19:42:16,133
505,luis_a_espinal#1248212484667908097#Bubble.jpeg,2020-04-09 11:33:41,153
506,dukemargolis#1248661726129725441#Bar.jpeg,2020-04-10 17:18:49,-1
507,awarenessco#1243215972749754368#Map.jpeg,2020-03-26 16:39:20,138
508,deepgreendesign#1243551471729119234#Line.jpeg,2020-03-27 14:52:29,14
509,saikirankannan#1255350309389565953#Line.jpeg,2020-04-29 04:16:51,-1
510,dreitoledo#1246804070708412416#Map.jpeg,2020-04-05 14:17:09,90
511,jeanquan#1243757461074370560#Line.jpeg,2020-03-28 04:31:01,-1
512,keatonsmetana#1241815763083812867#Bar.jpeg,2020-03-22 19:55:24,-1
513,andreaashnews#1242652627286007808#Line.jpeg,2020-03-25 03:20:48,-1
514,realityhammer#1251319241195819009#Line.jpeg,2020-04-18 01:18:50,100
515,jodi_pafford#1250928495917780992#Line.jpeg,2020-04-16 23:26:09,-1
516,marcmelchermd#1247588777670803457#Line.jpeg,2020-04-07 18:15:18,-1
517,nhepatic#1249374418612228097#Map.jpeg,2020-04-12 16:30:48,-1
518,medford_alba#1257503464822763520#Line.jpeg,2020-05-05 02:52:43,-1
519,jeanyangny#1247181651970531328#Bar.jpeg,2020-04-06 15:17:32,-1
520,ciankearns#1247619639674355718#Bar.jpeg,2020-04-07 20:17:56,-1
521,la_cv_data#1240651732776083457#Bar.jpeg,2020-03-19 14:49:57,-1
522,tylerblack32#1250314664770023424#Line.jpeg,2020-04-15 06:47:00,-1
523,knowcovid19#1247601697574313985#Bar.jpeg,2020-04-07 19:06:38,110
524,dchhs#1250740115540004864#Bar.jpeg,2020-04-16 10:57:35,139
525,alexdanyluk#1243531600446607366#Line.jpeg,2020-03-27 13:33:31,86
526,andreaashnews#1247546053458624512#Line.jpeg,2020-04-07 15:25:32,136
527,stevaldo18#1255186904020025344#Map.jpeg,2020-04-28 17:27:32,151
528,kmcents#1243198055064707072#Line.jpeg,2020-03-26 15:28:08,-1
529,hugues#1244927539212156928#Line.jpeg,2020-03-31 10:00:29,-1
530,yogiooi#1246327369683668992#Line.jpeg,2020-04-04 06:42:55,5
531,thomasarchitect#1258124875413233668#Bar.jpeg,2020-05-06 20:01:59,123
532,aroradrs#1241154986215604225#Bubble.jpeg,2020-03-21 00:09:42,-1
533,datalead_africa#1243842060421120001#Bar.jpeg,2020-03-28 10:07:11,-1
534,robdbob1#1248990944655036424#Line.jpeg,2020-04-11 15:07:00,-1
535,centralcocspatn#1242203378110914561#Map.jpeg,2020-03-23 21:35:39,160
536,drgillleighton#1249709255663460354#Line.jpeg,2020-04-13 14:41:19,29
537,jdkempt#1245166549595455488#Line.jpeg,2020-04-01 01:50:14,25
538,cgypuckcharts#1246247163341893632#Bar.jpeg,2020-04-04 01:24:12,119
539,calonghurst#1249857486426783745#Bar.jpeg,2020-04-14 00:30:20,126
540,mendosheriff#1242628883712598016#Line.jpeg,2020-03-25 01:46:27,-1
541,stats_covid_19#1246341043517349891#Line.jpeg,2020-04-04 07:37:15,-1
542,plato_reborn#1256760325224923140#Map.jpeg,2020-05-03 01:39:45,75
543,cgypuckcharts#1246248071018590209#Line.jpeg,2020-04-04 01:27:48,65
544,franck_mcbecker#1247779906840215554#Line.jpeg,2020-04-08 06:54:47,-1
545,ipacfoundation#1260793778350292996#Map.jpeg,2020-05-14 04:47:15,113
546,mrcellaneous#1248718910653960193#Line.jpeg,2020-04-10 21:06:03,1
547,vubiome#1250499268319772672#Bar.jpeg,2020-04-15 19:00:33,125
548,mkzhao#1248059310195736576#Bar.jpeg,2020-04-09 01:25:02,-1
549,kmcents#1251907625329049601#Line.jpeg,2020-04-19 16:16:51,76
550,pvinmex#1252025712782893057#Line.jpeg,2020-04-20 00:06:06,-1
551,ipacfoundation#1258621997334085632#Bar.jpeg,2020-05-08 04:57:22,113
552,atweetortwo#1241275005498880007#Line.jpeg,2020-03-21 08:06:37,-1
553,jininnashville#1243021012167471104#Bar.jpeg,2020-03-26 03:44:38,-1
554,deepgreendesign#1248220010306129920#Line.jpeg,2020-04-09 12:03:35,14
555,tim_make#1256595585701904385#Line.jpeg,2020-05-02 14:45:08,-1
556,deepgreendesign#1243906880461627392#Line.jpeg,2020-03-28 14:24:45,14
557,drpritch2#1244970869144932353#Map.jpeg,2020-03-31 12:52:40,-1
558,tkphd#1244998594907774976#Line.jpeg,2020-03-31 14:42:50,-1
559,benkallos#1252333966423666689#Line.jpeg,2020-04-20 20:30:59,-1
560,cgypuckcharts#1242570612192804865#Line.jpeg,2020-03-24 21:54:54,65
561,asiapacificfdn#1258496865160617985#Line.jpeg,2020-05-07 20:40:09,44
562,stabilitasv#1244823363207327745#Map.jpeg,2020-03-31 03:06:32,105
563,toomuch54418432#1250275358441529346#Line.jpeg,2020-04-15 04:10:49,42
564,realityhammer#1247998233827295234#Line.jpeg,2020-04-08 21:22:20,100
565,cgypuckcharts#1241160480929927168#Line.jpeg,2020-03-21 00:31:32,64
566,citychestermere#1250901430770204680#Bar.jpeg,2020-04-16 21:38:36,-1
567,shaolintom#1243184941661409280#Map.jpeg,2020-03-26 14:36:02,-1
568,dchhs#1248720652716199939#Map.jpeg,2020-04-10 21:12:58,139
569,realityhammer#1247992079839526920#Line.jpeg,2020-04-08 20:57:53,100
570,sokrates2749072#1249730334599585792#Bubble.jpeg,2020-04-13 16:05:05,-1
571,higginsdavidw#1247281956385103873#Bar.jpeg,2020-04-06 21:56:06,-1
572,christianhoney_#1247437888809287680#Line.jpeg,2020-04-07 08:15:43,11
573,messyjez#1253553799701991425#Line.jpeg,2020-04-24 05:18:10,-1
574,shalomegrace1#1244188758993321996#Bar.jpeg,2020-03-29 09:04:50,-1
575,120degreesmnl#1249899847118798849#Line.jpeg,2020-04-14 03:18:40,49
576,dreitoledo#1246804522883780609#Line.jpeg,2020-04-05 14:18:57,90
577,bradstephensjd#1241164030137548800#Bubble.jpeg,2020-03-21 00:45:39,-1
578,120degreesmnl#1248619371544502274#Line.jpeg,2020-04-10 14:30:31,49
579,andreaashnews#1248738790686015491#Line.jpeg,2020-04-10 22:25:02,57
580,afcema#1247992324342394880#Line.jpeg,2020-04-08 20:58:51,-1
581,repandrecarson#1256312254527688705#Line.jpeg,2020-05-01 19:59:17,-1
582,karenzibonfils#1243222678447808512#Map.jpeg,2020-03-26 17:05:59,70
583,ralphierce#1252534205759713280#Line.jpeg,2020-04-21 09:46:40,36
584,jonathansauder#1243459789742465024#Map.jpeg,2020-03-27 08:48:10,-1
585,holly__lockhart#1252373472375795712#Map.jpeg,2020-04-20 23:07:58,-1
586,statistacharts#1257727860367900672#Line.jpeg,2020-05-05 17:44:24,24
587,peterdorn16#1251324183092408320#Line.jpeg,2020-04-18 01:38:28,17
588,lakewoodohio#1253783340190220301#Map.jpeg,2020-04-24 20:30:17,141
589,masamunecyrus#1249945030082457600#Line.jpeg,2020-04-14 06:18:12,122
590,christianhoney_#1247062842093842435#Line.jpeg,2020-04-06 07:25:25,11
591,liberianenglish#1243935772677455872#Line.jpeg,2020-03-28 16:19:34,-1
592,covid19update24#1255401797109387266#Line.jpeg,2020-04-29 07:41:27,-1
593,equitylist#1247492502279655424#Line.jpeg,2020-04-07 11:52:44,-1
594,statistacharts#1245033114168102912#Map.jpeg,2020-03-31 17:00:00,-1
595,mischnachtreisr#1242199008468221956#Map.jpeg,2020-03-23 21:18:17,-1
596,dunkenkbliths#1247093756836196353#Map.jpeg,2020-04-06 09:28:16,147
597,splunk#1246497770531405827#Line.jpeg,2020-04-04 18:00:01,11
598,la_cv_data#1263156233256787970#Line.jpeg,2020-05-20 17:14:48,82
599,chimeragenetics#1241544980335718403#Line.jpeg,2020-03-22 01:59:24,9
600,isaacbarton10#1246573451466309632#Map.jpeg,2020-04-04 23:00:45,-1
601,davidjhoffdc#1240667635869720576#Line.jpeg,2020-03-19 15:53:09,156
602,haikujoenaz#1249892181118078976#Line.jpeg,2020-04-14 02:48:12,1
603,lpha_bloke#1244929298739482625#Bar.jpeg,2020-03-31 10:07:29,-1
604,megaecoo#1240663254650757120#Line.jpeg,2020-03-19 15:35:44,89
605,ranjeet53074140#1248086759453282304#Bubble.jpeg,2020-04-09 03:14:06,-1
606,pacotorresca#1262966348197421057#Line.jpeg,2020-05-20 04:40:16,38
607,sarahbeetson#1243366265231519744#Line.jpeg,2020-03-27 02:36:32,-1
608,fake_rwhyde#1247808879284502535#Bubble.jpeg,2020-04-08 08:49:54,-1
609,docmranney#1241218769780948998#Line.jpeg,2020-03-21 04:23:10,9
610,dr_naikoo#1241198350545739776#Line.jpeg,2020-03-21 03:02:01,10
611,harris_mv#1252867981924683780#Line.jpeg,2020-04-22 07:52:58,28
612,b2bspecialist#1240581035290738688#Line.jpeg,2020-03-19 10:09:02,53
613,fortrussnews#1262700045222150144#Bar.jpeg,2020-05-19 11:02:05,137
614,dai10zin#1265723316230213632#Bubble.jpeg,2020-05-27 19:15:29,-1
615,majid_nature#1254947199437373451#Line.jpeg,2020-04-28 01:35:02,3
616,drestfan#1249768676812824582#Line.jpeg,2020-04-13 18:37:26,107
617,la_cv_data#1247210468055437312#Line.jpeg,2020-04-06 17:12:02,82
618,lungcancerhalfl#1240685522755846149#Bubble.jpeg,2020-03-19 17:04:14,159
619,mrgualano#1261264099746381825#Line.jpeg,2020-05-15 11:56:09,-1
620,semmiw#1246992112572346369#Bubble.jpeg,2020-04-06 02:44:22,159
621,dataexplorer21#1240652847206801409#Bubble.jpeg,2020-03-19 14:54:23,-1
622,cgypuckcharts#1241160608566796288#Bar.jpeg,2020-03-21 00:32:03,103
623,kmpanthagani#1240659371077652481#Line.jpeg,2020-03-19 15:20:19,89
624,erikoktsuchi#1250915993154719747#Line.jpeg,2020-04-16 22:36:28,-1
625,ipacfoundation#1262243048722960384#Map.jpeg,2020-05-18 04:46:08,113
626,peterdorn16#1249913534655283201#Line.jpeg,2020-04-14 04:13:03,17
627,andyecon#1257132045828009984#Line.jpeg,2020-05-04 02:16:50,-1
628,projectjennifer#1241804601172557825#Line.jpeg,2020-03-22 19:11:03,10
629,la_cv_data#1248659646300200962#Line.jpeg,2020-04-10 17:10:33,82
630,august_sky#1258928842619547649#Line.jpeg,2020-05-09 01:16:40,109
631,ipacfoundation#1256458001168379905#Bar.jpeg,2020-05-02 05:38:25,113
632,la_cv_data#1262075132346073091#Line.jpeg,2020-05-17 17:38:54,82
633,analytiks#1258040329686732805#Map.jpeg,2020-05-06 14:26:02,118
634,judgeclayj#1243678800845647873#Map.jpeg,2020-03-27 23:18:27,139
635,ralphierce#1252879849565241344#Line.jpeg,2020-04-22 08:40:08,36
636,kk_isro#1249583031397937160#Line.jpeg,2020-04-13 06:19:45,-1
637,professoramuse#1242968440316530688#Line.jpeg,2020-03-26 00:15:44,9
638,pacotorresca#1244068539289358337#Map.jpeg,2020-03-29 01:07:08,-1
639,lissenerco#1247588505284308992#Line.jpeg,2020-04-07 18:14:13,67
640,nehalalani44#1243215673364545536#Bar.jpeg,2020-03-26 16:38:09,-1
641,la_cv_data#1259173521030250503#Line.jpeg,2020-05-09 17:28:56,82
642,oschmouker#1253413461045817345#Line.jpeg,2020-04-23 20:00:31,7
643,numberslka#1252236537825095681#Line.jpeg,2020-04-20 14:03:50,14
644,liamgglynn#1246711339948670976#Line.jpeg,2020-04-05 08:08:40,-1
645,mocrockets#1247543580023042049#Line.jpeg,2020-04-07 15:15:42,-1
646,art_poon#1246468094702358528#Line.jpeg,2020-04-04 16:02:06,16
647,christianhoney_#1243834092468215808#Line.jpeg,2020-03-28 09:35:31,11
648,tableau#1253722984222687233#Map.jpeg,2020-04-24 16:30:27,-1
649,hunterhustus#1249700861724499970#Bubble.jpeg,2020-04-13 14:07:58,-1
650,mselenavita#1266309761542356992#Line.jpeg,2020-05-29 10:05:48,22
651,higginsdavidw#1249426965096026119#Line.jpeg,2020-04-12 19:59:36,-1
652,touchsouldeep#1251812839536447489#Map.jpeg,2020-04-19 10:00:13,-1
653,daiglobal#1257336513077133315#Bar.jpeg,2020-05-04 15:49:19,-1
654,120degreesmnl#1250209805639147520#Line.jpeg,2020-04-14 23:50:20,51
655,jason_om#1247062364064600067#Bar.jpeg,2020-04-06 07:23:31,-1
656,fasergi#1248759616969859072#Line.jpeg,2020-04-10 23:47:48,-1
657,davidjdvorak#1248339810051223552#Line.jpeg,2020-04-09 19:59:38,-1
658,dunkenkbliths#1248011725405741057#Map.jpeg,2020-04-08 22:15:56,147
659,drsafaphysics#1243329708651134976#Line.jpeg,2020-03-27 00:11:17,104
660,realityhammer#1251333213773090818#Bar.jpeg,2020-04-18 02:14:21,100
661,drgillleighton#1249709819981938693#Line.jpeg,2020-04-13 14:43:34,0
662,ycharts#1250449963173232640#Line.jpeg,2020-04-15 15:44:38,-1
663,la_cv_data#1252647519223525377#Line.jpeg,2020-04-21 17:16:56,82
664,drceline961#1265429216260173824#Map.jpeg,2020-05-26 23:46:50,-1
665,ipacfoundation#1266228013781393408#Map.jpeg,2020-05-29 04:40:58,113
666,clnakalembe#1241273305484722176#Line.jpeg,2020-03-21 07:59:52,-1
667,covid19digest#1247992782016458760#Line.jpeg,2020-04-08 21:00:40,3
668,la_cv_data#1255907119263604742#Line.jpeg,2020-04-30 17:09:25,82
669,lungcancerhalfl#1240629328322289665#Map.jpeg,2020-03-19 13:20:56,164
670,travisdhanraj#1240851030637793283#Line.jpeg,2020-03-20 04:01:54,-1
671,eranhamitv#1249767592094507014#Map.jpeg,2020-04-13 18:33:08,-1
672,la_cv_data#1256632721515982851#Line.jpeg,2020-05-02 17:12:42,82
673,posth#1244875651817111553#Bar.jpeg,2020-03-31 06:34:18,0
674,120degreesmnl#1246671400808493056#Bar.jpeg,2020-04-05 05:29:58,46
675,aarolsen#1240648854283968521#Line.jpeg,2020-03-19 14:38:31,-1
676,drdatascientist#1245832400128471040#Line.jpeg,2020-04-02 21:56:05,-1
677,scoutproff#1253290822608523265#Line.jpeg,2020-04-23 11:53:11,-1
678,ipacfoundation#1249980234121842689#Bar.jpeg,2020-04-14 08:38:05,113
679,austingstack#1247284548792127488#Line.jpeg,2020-04-06 22:06:24,-1
680,foxbat_ind#1257419172050591746#Bar.jpeg,2020-05-04 21:17:46,-1
681,timdyster#1245028983705464832#Line.jpeg,2020-03-31 16:43:35,-1
682,peterdorn16#1257514034879852548#Line.jpeg,2020-05-05 03:34:44,17
683,shirlaadams#1260258610661244936#Line.jpeg,2020-05-12 17:20:41,-1
684,yogiooi#1253654086207123456#Line.jpeg,2020-04-24 11:56:40,5
685,prasanthkothuri#1241780830919368710#Map.jpeg,2020-03-22 17:36:35,-1
686,wesleygrubbs#1250470969795178497#Map.jpeg,2020-04-15 17:08:06,-1
687,pacotorresca#1254254837358661632#Map.jpeg,2020-04-26 03:43:50,93
688,gavincoll#1247985524981317632#Line.jpeg,2020-04-08 20:31:50,-1
689,deepakp24030592#1265448690321219584#Bar.jpeg,2020-05-27 01:04:13,-1
690,peterdorn16#1253137391323246592#Map.jpeg,2020-04-23 01:43:30,73
691,julia_buechting#1241758052170285056#Line.jpeg,2020-03-22 16:06:05,-1
692,fadoobaba#1266494611280855041#Line.jpeg,2020-05-29 22:20:20,-1
693,pacotorresca#1254638608083939328#Map.jpeg,2020-04-27 05:08:48,38
694,whatisfreedom2#1257631809942233094#Bar.jpeg,2020-05-05 11:22:43,75
695,pacotorresca#1266601154198175744#Line.jpeg,2020-05-30 05:23:42,38
696,drfranksauer#1243537575765254144#Bar.jpeg,2020-03-27 13:57:16,-1
697,sa_heroes#1255860521531736064#Line.jpeg,2020-04-30 14:04:15,-1
698,cardioqt#1248923984189698049#Bar.jpeg,2020-04-11 10:40:56,-1
699,bydefault#1247966798529671168#Map.jpeg,2020-04-08 19:17:25,135
700,mg44graf#1249686797073797120#Bar.jpeg,2020-04-13 13:12:05,126
701,carlaiau#1248419782270935040#Bar.jpeg,2020-04-10 01:17:25,132
702,cpceu#1246393144373055489#Line.jpeg,2020-04-04 11:04:17,-1
703,lilygc#1248669051280338944#Bubble.jpeg,2020-04-10 17:47:55,-1
704,nikolefoote#1248227381820764160#Line.jpeg,2020-04-09 12:32:53,33
705,garethstead#1245428814622142465#Line.jpeg,2020-04-01 19:12:23,-1
706,talesftf#1242599348162170885#Line.jpeg,2020-03-24 23:49:05,9
707,la_cv_data#1251196063177936898#Line.jpeg,2020-04-17 17:09:22,82
708,leaf4ever#1243966677420736513#Line.jpeg,2020-03-28 18:22:22,165
709,climbrink#1251653518211022850#Map.jpeg,2020-04-18 23:27:07,-1
710,firechiefreid#1248060620152471555#Line.jpeg,2020-04-09 01:30:14,3
711,scottcollick#1240406241500893185#Line.jpeg,2020-03-18 22:34:28,9
712,centralcocspatn#1242554193585623041#Map.jpeg,2020-03-24 20:49:39,160
713,abhilash1690#1242559078875963392#Line.jpeg,2020-03-24 21:09:04,-1
714,7mto#1243281313089630208#Line.jpeg,2020-03-26 20:58:58,53
715,realityhammer#1251724269190610944#Line.jpeg,2020-04-19 04:08:16,100
716,qedgroup#1265311900952297472#Bar.jpeg,2020-05-26 16:00:40,-1
717,edjmoya#1247206805983375366#Line.jpeg,2020-04-06 16:57:29,128
718,namathhussainmd#1241233254591500288#Line.jpeg,2020-03-21 05:20:43,87
719,aikhwaja#1246793514689626112#Bubble.jpeg,2020-04-05 13:35:12,-1
720,craigthusiast#1243721161726451724#Line.jpeg,2020-03-28 02:06:46,54
721,richardjosephh3#1248741944416591872#Line.jpeg,2020-04-10 22:37:34,62
722,gerald_goh#1250067157804859394#Bubble.jpeg,2020-04-14 14:23:30,-1
723,cityofboston#1255515983210561537#Map.jpeg,2020-04-29 15:15:11,-1
724,klickhealth#1249795260382875649#Line.jpeg,2020-04-13 20:23:04,34
725,ewhallet#1251157505649983490#Map.jpeg,2020-04-17 14:36:09,-1
726,ralphierce#1253241978197667842#Line.jpeg,2020-04-23 08:39:06,36
727,realityhammer#1247988687952109571#Line.jpeg,2020-04-08 20:44:24,100
728,williamwilcock#1246963168410136576#Line.jpeg,2020-04-06 00:49:21,31
729,8bbseed#1257817026594209794#Line.jpeg,2020-05-05 23:38:42,-1
730,craigthusiast#1250058421048672256#Line.jpeg,2020-04-14 13:48:47,-1
731,peripherfutures#1258047943350857729#Bubble.jpeg,2020-05-06 14:56:17,-1
732,120degreesmnl#1251037532264869888#Line.jpeg,2020-04-17 06:39:25,51
733,jdcshaverford#1242209016434102283#Line.jpeg,2020-03-23 21:58:03,-1
734,la_cv_data#1257720262579101697#Line.jpeg,2020-05-05 17:14:12,82
735,social_molly#1251483364734926850#Bar.jpeg,2020-04-18 12:11:00,55
736,mdnidhi#1241803342126465024#Map.jpeg,2020-03-22 19:06:03,130
737,physicianeer#1245660945935822850#Line.jpeg,2020-04-02 10:34:47,165
738,bydefault#1247967357655490564#Map.jpeg,2020-04-08 19:19:38,135
739,fisagor#1243951614882430976#Line.jpeg,2020-03-28 17:22:31,59
740,realityhammer#1247976680884486145#Line.jpeg,2020-04-08 19:56:41,100
741,ankur4bjp#1240660766811815939#Line.jpeg,2020-03-19 15:25:51,28
742,huaai1#1241805028764966912#Line.jpeg,2020-03-22 19:12:45,71
743,srinisankar#1245039086672449538#Line.jpeg,2020-03-31 17:23:44,9
744,johnnosta#1244748480704393216#Line.jpeg,2020-03-30 22:08:58,60
745,damjanvlastelic#1261130632576380934#Bar.jpeg,2020-05-15 03:05:48,-1
746,la_cv_data#1247935288468537346#Line.jpeg,2020-04-08 17:12:12,82
747,donegalmaps#1244937727096901632#Bubble.jpeg,2020-03-31 10:40:58,-1
748,ralphierce#1254326875440046081#Line.jpeg,2020-04-26 08:30:06,36
749,alistairjmoore#1250010282501582849#Bar.jpeg,2020-04-14 10:37:30,125
750,carlaiau#1242610451013185538#Line.jpeg,2020-03-25 00:33:12,-1
751,virenkaul#1244959371018285056#Line.jpeg,2020-03-31 12:06:58,5
752,sokrates2749072#1249735220758302727#Bubble.jpeg,2020-04-13 16:24:30,-1
753,matt_hopcraft#1249621292220706818#Bar.jpeg,2020-04-13 08:51:47,120
754,pacotorresca#1262272343713275904#Map.jpeg,2020-05-18 06:42:33,95
755,mkzhao#1249091816043024384#Bar.jpeg,2020-04-11 21:47:50,143
756,johannesfehr#1261941477145485313#Line.jpeg,2020-05-17 08:47:48,-1
757,prashbajaj#1256514186676322305#Line.jpeg,2020-05-02 09:21:41,0
758,mena_wang#1252438636294885376#Map.jpeg,2020-04-21 03:26:54,-1
759,aremdzemal#1253223726809784321#Map.jpeg,2020-04-23 07:26:34,15
760,tkphd#1266768452326428672#Line.jpeg,2020-05-30 16:28:29,-1
761,dunkenkbliths#1247281958125592576#Map.jpeg,2020-04-06 21:56:06,147
762,albertdomingo#1249306836806729729#Bubble.jpeg,2020-04-12 12:02:15,134
763,johnnosta#1245039404852412417#Line.jpeg,2020-03-31 17:25:00,60
764,momwifecareer#1246669662022176768#Line.jpeg,2020-04-05 05:23:04,9
765,rromkee#1240666419802656768#Line.jpeg,2020-03-19 15:48:19,89
766,ipacfoundation#1265866401132224512#Map.jpeg,2020-05-28 04:44:03,113
767,dredwinozawa#1243864930031407104#Line.jpeg,2020-03-28 11:38:03,9
768,mattwridley#1238470368760942593#Line.jpeg,2020-03-13 14:22:00,87
769,thedomino#1244586764733480960#Line.jpeg,2020-03-30 11:26:22,-1
770,livingplusly#1243233246168731654#Map.jpeg,2020-03-26 17:47:58,-1
771,carlaiau#1247082875201056768#Bar.jpeg,2020-04-06 08:45:01,-1
772,la_cv_data#1247575606583267328#Line.jpeg,2020-04-07 17:22:58,82
773,christosofdc#1252574487201153024#Line.jpeg,2020-04-21 12:26:44,-1
774,realityhammer#1247997239454244865#Line.jpeg,2020-04-08 21:18:23,100
775,unearthlive#1261631534974611457#Bar.jpeg,2020-05-16 12:16:12,-1
776,la_cv_data#1260265674305417216#Line.jpeg,2020-05-12 17:48:46,82
777,ablho#1251804939925336064#Bubble.jpeg,2020-04-19 09:28:49,165
778,yogiooi#1267056312006950912#Line.jpeg,2020-05-31 11:32:20,5
779,parkhun#1243897130202222594#Line.jpeg,2020-03-28 13:46:00,41
780,stabilitasv#1250264020088569857#Map.jpeg,2020-04-15 03:25:45,105
781,realityhammer#1251320717888696320#Line.jpeg,2020-04-18 01:24:42,100
782,flamboyantbiz#1255059923995709440#Line.jpeg,2020-04-28 09:02:58,-1
783,dr_btf#1250051021029683200#Line.jpeg,2020-04-14 13:19:22,1
784,huslof#1248538787623436288#Line.jpeg,2020-04-10 09:10:18,129
785,toomuch54418432#1249911527706066944#Line.jpeg,2020-04-14 04:05:05,43
786,bryang406#1240665141005422597#Line.jpeg,2020-03-19 15:43:14,89
787,yogiooi#1248548394316021762#Line.jpeg,2020-04-10 09:48:28,5
788,pmccupp#1265220593097506816#Map.jpeg,2020-05-26 09:57:50,-1
789,cmtworldtravel#1241272003593736192#Line.jpeg,2020-03-21 07:54:42,-1
790,sydneyeditor#1251956607040188416#Bar.jpeg,2020-04-19 19:31:30,66
791,blaqueinwhite#1251977682268585984#Line.jpeg,2020-04-19 20:55:14,-1
792,magnumopus_shs#1250869090278756352#Map.jpeg,2020-04-16 19:30:05,-1
793,nikolefoote#1255465651067633669#Map.jpeg,2020-04-29 11:55:11,-1
794,realityhammer#1251690423422255104#Line.jpeg,2020-04-19 01:53:46,100
795,pasadenagov#1251179900469297153#Bar.jpeg,2020-04-17 16:05:08,-1
796,pacotorresca#1249912462406635521#Map.jpeg,2020-04-14 04:08:47,92
797,cshvienna#1245272750475948032#Line.jpeg,2020-04-01 08:52:14,-1
798,nikolefoote#1248960830269464581#Line.jpeg,2020-04-11 13:07:21,-1
799,pacotorresca#1244453879791489025#Bar.jpeg,2020-03-30 02:38:20,92
800,matt_hopcraft#1245289938448310280#Bubble.jpeg,2020-04-01 10:00:32,25
801,la_cv_data#1266419270726168581#Bar.jpeg,2020-05-29 17:20:57,-1
802,c19data#1253082152947912709#Line.jpeg,2020-04-22 22:04:01,-1
803,rajeshspeaks#1244845978240167936#Line.jpeg,2020-03-31 04:36:23,9
804,bdwissel#1248652614700617732#Line.jpeg,2020-04-10 16:42:36,-1
805,art_poon#1245392439118114818#Line.jpeg,2020-04-01 16:47:50,14
806,frogsandstars#1247029172809035777#Line.jpeg,2020-04-06 05:11:38,-1
807,patternsngames#1247991183810473987#Map.jpeg,2020-04-08 20:54:19,-1
808,pacotorresca#1252438746936401925#Map.jpeg,2020-04-21 03:27:21,92
809,la_cv_data#1255180008768835584#Map.jpeg,2020-04-28 17:00:08,82
810,steveashleyplus#1243490474373103616#Line.jpeg,2020-03-27 10:50:06,9
811,c19data#1253082281146830848#Line.jpeg,2020-04-22 22:04:31,-1
812,pacotorresca#1264415249681117184#Map.jpeg,2020-05-24 04:37:41,95
813,pacotorresca#1262608644530528258#Map.jpeg,2020-05-19 04:58:53,95
814,jininnashville#1243983195298836481#Line.jpeg,2020-03-28 19:28:00,56
815,art_poon#1247181036712271873#Line.jpeg,2020-04-06 15:15:05,16
816,briankingery87#1250435905220784129#Bar.jpeg,2020-04-15 14:48:46,157
817,fmossotto#1251911598798757888#Line.jpeg,2020-04-19 16:32:39,127
818,achentpchd#1248073365287342081#Line.jpeg,2020-04-09 02:20:53,-1
819,plana_journ#1255944701674471433#Map.jpeg,2020-04-30 19:38:45,-1
820,aremdzemal#1253092656437133312#Line.jpeg,2020-04-22 22:45:45,15
821,120degreesmnl#1251035876496297985#Line.jpeg,2020-04-17 06:32:50,49
822,venkystalin11#1243961849495695360#Map.jpeg,2020-03-28 18:03:11,70
823,orangehealthnc#1247972504162926599#Bar.jpeg,2020-04-08 19:40:05,142
824,pacotorresca#1264417385768824838#Line.jpeg,2020-05-24 04:46:11,38
825,deepgreendesign#1246751718420799488#Line.jpeg,2020-04-05 10:49:07,14
826,mrmainelli#1251912707256745984#Bar.jpeg,2020-04-19 16:37:03,-1
827,la_cv_data#1246485528347893760#Line.jpeg,2020-04-04 17:11:23,77
828,drjohnhayward#1242761427800203270#Line.jpeg,2020-03-25 10:33:08,103
829,rid1tweets#1252241763886129152#Map.jpeg,2020-04-20 14:24:36,-1
830,andreaashnews#1251277016629940226#Line.jpeg,2020-04-17 22:31:03,57
831,la_cv_data#1261344337872523265#Line.jpeg,2020-05-15 17:14:59,82
832,esgibtkannamen#1248666508147949569#Line.jpeg,2020-04-10 17:37:49,-1
833,marhabaqatar#1247403732767313921#Map.jpeg,2020-04-07 06:00:00,155
834,noikeanolife#1243374528035602432#Bubble.jpeg,2020-03-27 03:09:22,-1
835,120degreesmnl#1249901329801031680#Line.jpeg,2020-04-14 03:24:33,52
836,andekat101#1240676528398249984#Line.jpeg,2020-03-19 16:28:29,89
837,anunarayan13#1247146930951487488#Line.jpeg,2020-04-06 12:59:33,102
838,fbaudron#1243480162047426560#Bubble.jpeg,2020-03-27 10:09:08,144
839,cuyahogacounty#1248700848848412672#Bar.jpeg,2020-04-10 19:54:16,-1
840,bbmpcomm#1249358488829964290#Bar.jpeg,2020-04-12 15:27:30,-1
841,jeffabramo#1245086894762921985#Line.jpeg,2020-03-31 20:33:42,-1
842,johanoomen#1243168898125631488#Bar.jpeg,2020-03-26 13:32:16,-1
843,omarbellomd#1243316869307813891#Map.jpeg,2020-03-26 23:20:16,162
844,maechatto#1258549150582312962#Line.jpeg,2020-05-08 00:07:54,109
845,gmatv15#1254803924583735298#Bubble.jpeg,2020-04-27 16:05:43,-1
846,pacotorresca#1265142224683073536#Map.jpeg,2020-05-26 04:46:26,95
847,statistacharts#1244950752977719297#Line.jpeg,2020-03-31 11:32:44,23
848,realityhammer#1251717155260948481#Line.jpeg,2020-04-19 03:40:00,100
849,andreaashnews#1249460244775940098#Line.jpeg,2020-04-12 22:11:50,57
850,notleora#1246427918332559368#Line.jpeg,2020-04-04 13:22:27,7
851,allengreenwood#1250197247817658376#Bar.jpeg,2020-04-14 23:00:26,47
852,asiapacificfdn#1258116565117132808#Line.jpeg,2020-05-06 19:28:58,44
853,drsafaphysics#1243551898898219009#Line.jpeg,2020-03-27 14:54:11,104
854,la_cv_data#1266819279212740608#Line.jpeg,2020-05-30 19:50:27,82
855,la_cv_data#1249747442192592896#Line.jpeg,2020-04-13 17:13:04,82
856,thegetlifted1#1240662576289198080#Line.jpeg,2020-03-19 15:33:03,89
857,christophludwi#1254343889705676802#Line.jpeg,2020-04-26 09:37:42,-1
858,mohitroshan#1263689659030200324#Bar.jpeg,2020-05-22 04:34:27,111
859,labaccident#1240589413735747585#Map.jpeg,2020-03-19 10:42:19,-1
860,realityhammer#1251326012576739333#Line.jpeg,2020-04-18 01:45:44,100
861,jvn_nnz#1256426189834432512#Bar.jpeg,2020-05-02 03:32:01,124
862,la_cv_data#1254093265428787200#Line.jpeg,2020-04-25 17:01:49,82
863,richardjosephh3#1245404818740359168#Line.jpeg,2020-04-01 17:37:01,-1
864,la_cv_data#1250832070613614597#Line.jpeg,2020-04-16 17:02:59,82
865,carlosabacab#1244799916112830466#Line.jpeg,2020-03-31 01:33:21,-1
866,iamnouzi#1250777447907201025#Line.jpeg,2020-04-16 13:25:56,127
867,dunkenkbliths#1245294346900926465#Map.jpeg,2020-04-01 10:18:03,147
868,tylerblack32#1252778621955043328#Bar.jpeg,2020-04-22 01:57:53,-1
869,richardjosephh3#1245446547627601920#Line.jpeg,2020-04-01 20:22:50,61
870,thomasarchitect#1250886363857203202#Bar.jpeg,2020-04-16 20:38:44,-1
871,priyank_mshr#1246426415618068482#Line.jpeg,2020-04-04 13:16:29,-1
872,pacotorresca#1259334241403301888#Map.jpeg,2020-05-10 04:07:35,95
873,realityhammer#1248038025394827265#Line.jpeg,2020-04-09 00:00:27,100
874,cgypuckcharts#1250197087733469184#Bar.jpeg,2020-04-14 22:59:47,119
875,drtomfrieden#1241730025658908672#Line.jpeg,2020-03-22 14:14:43,112
876,lissenerco#1243368002856177664#Map.jpeg,2020-03-27 02:43:27,-1
877,la_cv_data#1253369767852990466#Line.jpeg,2020-04-23 17:06:53,82
878,trassafmd#1246536452160225280#Line.jpeg,2020-04-04 20:33:44,-1
879,oomphinc#1250814174936076292#Bar.jpeg,2020-04-16 15:51:52,-1
880,_kjmariano#1248530706243842049#Line.jpeg,2020-04-10 08:38:11,0
881,ldeangelisphys#1240671433493184512#Bubble.jpeg,2020-03-19 16:08:14,-1
882,sascha_p#1257554382431883264#Line.jpeg,2020-05-05 06:15:03,127
883,c19data#1253081951797424131#Bar.jpeg,2020-04-22 22:03:13,-1
884,lindastewartfl#1248716594647306243#Map.jpeg,2020-04-10 20:56:50,140
885,scutler9#1249383380053110784#Map.jpeg,2020-04-12 17:06:24,-1
886,craigthusiast#1245004390815215616#Line.jpeg,2020-03-31 15:05:52,-1
887,city_janesville#1250788726319579137#Bubble.jpeg,2020-04-16 14:10:45,141
888,armmoran#1264699952455917568#Bubble.jpeg,2020-05-24 23:29:00,-1
889,schacherer#1245367457080119296#Line.jpeg,2020-04-01 15:08:34,-1
890,project2program#1249116523991633923#Line.jpeg,2020-04-11 23:26:01,42
891,thomasarchitect#1253105085200191489#Bar.jpeg,2020-04-22 23:35:08,123
892,helene_wpli#1245025887898071040#Line.jpeg,2020-03-31 16:31:17,69
893,fsa_oc#1247972499532460032#Bar.jpeg,2020-04-08 19:40:04,142
894,jubbaonjeans#1247137431951826944#Line.jpeg,2020-04-06 12:21:49,102
895,jininnashville#1241805741239029765#Bar.jpeg,2020-03-22 19:15:35,-1
896,la_cv_data#1252283772910911490#Line.jpeg,2020-04-20 17:11:32,82
897,pkantue#1265274094314020865#Bar.jpeg,2020-05-26 13:30:26,-1
898,craig_stack#1242548820715724806#Map.jpeg,2020-03-24 20:28:18,-1
899,evinofreeman#1245230072530784257#Bar.jpeg,2020-04-01 06:02:39,-1
900,carlosvignote#1247131701505114113#Map.jpeg,2020-04-06 11:59:02,-1
901,hannes_jsson#1245441175827464193#Map.jpeg,2020-04-01 20:01:30,-1
902,peterdorn16#1259375082364788736#Line.jpeg,2020-05-10 06:49:52,17
903,dunkenkbliths#1246188459313647616#Map.jpeg,2020-04-03 21:30:56,147
904,huslof#1244925446438993920#Bubble.jpeg,2020-03-31 09:52:10,34
905,mohitroshan#1263389343210565632#Bar.jpeg,2020-05-21 08:41:06,111
906,vubiome#1246580582257250305#Line.jpeg,2020-04-04 23:29:05,63
907,hwingo#1263516913537253377#Map.jpeg,2020-05-21 17:08:01,-1
908,stevaldo18#1258087791822540803#Map.jpeg,2020-05-06 17:34:38,151
909,ipacfoundation#1257177050986819584#Bar.jpeg,2020-05-04 05:15:40,113
910,stephaniejolly#1241495761709391874#Line.jpeg,2020-03-21 22:43:50,-1
911,ralphierce#1254687672624275456#Line.jpeg,2020-04-27 08:23:46,36
912,realityhammer#1251719847840567296#Line.jpeg,2020-04-19 03:50:42,100
913,awarenessco#1253041579566170117#Map.jpeg,2020-04-22 19:22:47,138
914,christianhoney_#1246730075418120194#Line.jpeg,2020-04-05 09:23:07,11
915,michael_lipin#1265498426936111113#Bar.jpeg,2020-05-27 04:21:51,135
916,fbaudron#1245397451512610817#Bubble.jpeg,2020-04-01 17:07:45,144
