andreaashnews#1248027211925540864#Line.jpeg,0
andreaashnews#1251277016629940226#Line.jpeg,2
andreaashnews#1247892099749384193#Line.jpeg,0
andreaashnews#1250913436139171841#Line.jpeg,0
andreaashnews#1250584330600095752#Line.jpeg,2
andreaashnews#1249460244775940098#Line.jpeg,2
adsept19#1242256706123563013#Line.jpeg,0
andreaashnews#1248738790686015491#Line.jpeg,2
andreaashnews#1249822676941561856#Line.jpeg,3
chimeragenetics#1241544980335718403#Line.jpeg,3
datawrapper#1238144797099143170#Line.jpeg,80
steveashleyplus#1243490474373103616#Line.jpeg,0
professoramuse#1242968440316530688#Line.jpeg,85
scottcollick#1240406241500893185#Line.jpeg,1
johnnosta#1243164239981957122#Line.jpeg,2
srinisankar#1245039086672449538#Line.jpeg,0
dredwinozawa#1243864930031407104#Line.jpeg,1
talesftf#1242599348162170885#Line.jpeg,0
bmunch14#1242582882113085440#Line.jpeg,5
mischnachtreisr#1241123069755822080#Line.jpeg,1
rajeshspeaks#1244845978240167936#Line.jpeg,0
docmranney#1241218769780948998#Line.jpeg,0
momwifecareer#1246669662022176768#Line.jpeg,0
steveashleyplus#1243481784890855426#Line.jpeg,2
vipuljain1#1248125899645444096#Line.jpeg,2
mark_j_henry#1247419656467513346#Line.jpeg,3
medicalscitech#1249431186490953728#Line.jpeg,0
notleora#1246427918332559368#Line.jpeg,1
therealwalz#1247227879521468418#Line.jpeg,0
gamechanger_19#1246740535676723201#Line.jpeg,0
santhaj#1250157314608431105#Line.jpeg,0
drdenagrayson#1247994439135637506#Line.jpeg,253
austingstack#1247986126402527232#Line.jpeg,4
rahmstorf#1253266740915683328#Line.jpeg,210
oschmouker#1253413461045817345#Line.jpeg,0
irishdataviz#1250139159077031938#Line.jpeg,15
szeidenleder#1250419461120614412#Line.jpeg,0
sascha_p#1257554382431883264#Line.jpeg,4
fmossotto#1251911598798757888#Line.jpeg,5
iamnouzi#1250777447907201025#Line.jpeg,0
downloadsourcen#1241172286524153858#Line.jpeg,0
plana_journ#1247933397755998208#Line.jpeg,2
dermestermann#1252830153744347136#Line.jpeg,0
irishdataviz#1250877196895506434#Line.jpeg,0
peterdorn16#1248877886276157441#Line.jpeg,0
hi5at5#1247223594511466496#Line.jpeg,0
peterdorn16#1257514034879852548#Line.jpeg,0
peterdorn16#1246641789068382208#Line.jpeg,0
peterdorn16#1251324183092408320#Line.jpeg,0
peterdorn16#1247788550843588609#Line.jpeg,0
peterdorn16#1249228605906804736#Line.jpeg,0
peterdorn16#1246258963332489216#Line.jpeg,0
peterdorn16#1251687207187800066#Line.jpeg,0
peterdorn16#1248169259340972038#Line.jpeg,2
peterdorn16#1259375082364788736#Line.jpeg,0
peterdorn16#1249913534655283201#Line.jpeg,0
pacotorresca#1264417385768824838#Line.jpeg,3
pacotorresca#1256802850581045248#Map.jpeg,0
pacotorresca#1261824880569282562#Line.jpeg,1
pacotorresca#1250951854546026497#Map.jpeg,1
pacotorresca#1251342168930709506#Map.jpeg,4
pacotorresca#1254638608083939328#Map.jpeg,0
pacotorresca#1250243950981468160#Map.jpeg,7
pacotorresca#1252086082948100097#Map.jpeg,3
pacotorresca#1257180683660713985#Map.jpeg,0
pacotorresca#1262966348197421057#Line.jpeg,5
pacotorresca#1266601154198175744#Line.jpeg,2
realityhammer#1247988687952109571#Line.jpeg,0
realityhammer#1247998233827295234#Line.jpeg,0
realityhammer#1251718534343909379#Line.jpeg,0
realityhammer#1251320717888696320#Line.jpeg,0
realityhammer#1247991196951216128#Line.jpeg,0
realityhammer#1251319241195819009#Line.jpeg,0
realityhammer#1251717155260948481#Line.jpeg,0
realityhammer#1251725018205229056#Line.jpeg,0
realityhammer#1251724269190610944#Line.jpeg,0
realityhammer#1247981548135157762#Bar.jpeg,0
realityhammer#1251333213773090818#Bar.jpeg,0
realityhammer#1251713555927367681#Line.jpeg,0
realityhammer#1251712830115663873#Line.jpeg,0
realityhammer#1251729166971613195#Bar.jpeg,0
realityhammer#1247997239454244865#Line.jpeg,0
realityhammer#1251732765264969728#Line.jpeg,0
realityhammer#1247999388569370624#Bar.jpeg,0
realityhammer#1251735242576199680#Line.jpeg,0
realityhammer#1251318247649153024#Line.jpeg,0
realityhammer#1251326012576739333#Line.jpeg,1
realityhammer#1247992079839526920#Line.jpeg,0
realityhammer#1251704154252337160#Map.jpeg,0
realityhammer#1251734342952501249#Line.jpeg,0
realityhammer#1248038025394827265#Line.jpeg,0
realityhammer#1251690423422255104#Line.jpeg,0
realityhammer#1251688497179697158#Line.jpeg,0
realityhammer#1251728082706345984#Line.jpeg,0
realityhammer#1247982576389763075#Line.jpeg,0
realityhammer#1247976680884486145#Line.jpeg,0
realityhammer#1251719847840567296#Line.jpeg,0
realityhammer#1247980478113685504#Line.jpeg,0
la_cv_data#1263156233256787970#Line.jpeg,1
la_cv_data#1266055089707454465#Line.jpeg,1
la_cv_data#1254093265428787200#Line.jpeg,1
la_cv_data#1249021958802624515#Line.jpeg,0
la_cv_data#1266819279212740608#Line.jpeg,2
la_cv_data#1247575606583267328#Line.jpeg,1
la_cv_data#1251196063177936898#Line.jpeg,6
la_cv_data#1252283772910911490#Line.jpeg,2
la_cv_data#1257720262579101697#Line.jpeg,0
la_cv_data#1262803331241644040#Line.jpeg,0
la_cv_data#1265691872606945286#Line.jpeg,0
la_cv_data#1257372509823008768#Line.jpeg,0
la_cv_data#1253006255981035520#Line.jpeg,1
la_cv_data#1259556499774373889#Line.jpeg,1
la_cv_data#1247935288468537346#Line.jpeg,2
la_cv_data#1255907119263604742#Line.jpeg,0
la_cv_data#1251929679268904960#Line.jpeg,0
la_cv_data#1260265674305417216#Line.jpeg,0
la_cv_data#1255180008768835584#Map.jpeg,1
la_cv_data#1261344337872523265#Line.jpeg,1
la_cv_data#1248659646300200962#Line.jpeg,1
la_cv_data#1265339409752342528#Line.jpeg,0
la_cv_data#1259173521030250503#Line.jpeg,0
la_cv_data#1250832070613614597#Line.jpeg,5
la_cv_data#1258442350445187073#Line.jpeg,1
la_cv_data#1250469177665695748#Line.jpeg,1
la_cv_data#1258142057186672642#Line.jpeg,1
la_cv_data#1262075132346073091#Line.jpeg,0
la_cv_data#1249747442192592896#Line.jpeg,5
la_cv_data#1248296283112116227#Line.jpeg,2
la_cv_data#1252647519223525377#Line.jpeg,0
la_cv_data#1264612716645400581#Line.jpeg,0
la_cv_data#1247210468055437312#Line.jpeg,5
la_cv_data#1256632721515982851#Line.jpeg,0
la_cv_data#1257007411363184641#Line.jpeg,0
la_cv_data#1253369767852990466#Line.jpeg,1
la_cv_data#1263885828369104896#Line.jpeg,1
la_cv_data#1251559039022104576#Line.jpeg,0
la_cv_data#1261703755856306178#Line.jpeg,0
ipacfoundation#1265866401132224512#Map.jpeg,0
ipacfoundation#1262243048722960384#Map.jpeg,0
ipacfoundation#1259747917457428481#Map.jpeg,0
ipacfoundation#1266228013781393408#Map.jpeg,0
ipacfoundation#1249980234121842689#Bar.jpeg,0
ipacfoundation#1257177050986819584#Bar.jpeg,0
ipacfoundation#1255002100951666688#Map.jpeg,0
ipacfoundation#1260793778350292996#Map.jpeg,0
ipacfoundation#1256458001168379905#Bar.jpeg,1
ipacfoundation#1263325135899107328#Map.jpeg,0
ipacfoundation#1258621997334085632#Bar.jpeg,0
ipacfoundation#1263702701407379458#Map.jpeg,0
ipacfoundation#1253182728431980544#Bar.jpeg,0
dunkenkbliths#1247281958125592576#Map.jpeg,11
dunkenkbliths#1245816671547228161#Map.jpeg,15
dunkenkbliths#1247644965338886144#Map.jpeg,22
dunkenkbliths#1247093756836196353#Map.jpeg,10
dunkenkbliths#1245294346900926465#Map.jpeg,38
dunkenkbliths#1248011725405741057#Map.jpeg,13
dunkenkbliths#1248389377966800896#Map.jpeg,22
dunkenkbliths#1245239022915424261#Map.jpeg,8
dunkenkbliths#1246924820404531200#Map.jpeg,17
dunkenkbliths#1249111271691022338#Map.jpeg,3
dunkenkbliths#1245208215471570944#Map.jpeg,11
dunkenkbliths#1248752789779439619#Map.jpeg,12
perthwaustralia#1249113969131831297#Map.jpeg,0
dunkenkbliths#1246188459313647616#Map.jpeg,26
dunkenkbliths#1245454487642238976#Map.jpeg,6
dunkenkbliths#1246537700947050496#Map.jpeg,33
deepgreendesign#1246425274989703168#Line.jpeg,1
art_poon#1245392439118114818#Line.jpeg,0
deepgreendesign#1243551471729119234#Line.jpeg,0
deepgreendesign#1247506856529948675#Line.jpeg,0
deepgreendesign#1243186732209557505#Line.jpeg,0
numberslka#1252236537825095681#Line.jpeg,6
deepgreendesign#1248220010306129920#Line.jpeg,0
iqmcorporation#1243256442561400832#Line.jpeg,0
deepgreendesign#1246751718420799488#Line.jpeg,0
deepgreendesign#1243906880461627392#Line.jpeg,0
deepgreendesign#1249279285182910464#Line.jpeg,1
deepgreendesign#1244964626862764032#Line.jpeg,0
